<?xml version="1.0" encoding="UTF-8"?>
<modification>
	<name>URLs Amigaveis BRASIL</name>
	<version>1.0</version>
	<link>http://brasmod.tk</link>
	<author>brasmod_developer</author>
	
    <file path="catalog/controller/common/seo_url.php">
        <operation>
            <search position="before" index="1"><![CDATA[public function index() {]]></search>
            <add><![CDATA[
                private $urlFriendly = array(
                'common/home'       => '',
                'checkout/cart'     => 'carrinho',
                'account/register'  => 'conta/cadastre-se',
                'account/wishlist'  => 'conta/lista-de-desejos',
                'product/compare' => 'comparar-produtos',
                'checkout/checkout' => 'pedido/finalizar',
                'checkout/success' => 'pedido/sucesso',
                'account/logout'    => 'conta/sair',
                'account/login'     => 'conta/login',
                'product/special'   => 'especial',
                'affiliate/account' => 'afiliado',
                'account/voucher' => 'conta/vale-presente',
                'checkout/voucher'  => 'carrinho/vale-presente',
                'product/manufacturer' => 'fabricante',
                'account/newsletter'   => 'conta/meu-newsletter',
                'account/order'        => 'conta/meus-pedidos',
                'account/account'      => 'conta/minha-conta',
                'information/contact'  => 'contato',
                'information/sitemap'   => 'mapa-do-site',
                'account/forgotten'     => 'conta/lembrar-senha',
                'account/download'     => 'conta/meus-download',
                'account/return'     => 'conta/minhas-devolucoes',
                'account/transaction'     => 'conta/minhas-indicacoes',
                'account/password'     => 'conta/alterar-senha',
                'account/edit'     => 'conta/alterar-informacoes',
                'account/address'     => 'conta/alterar-enderecos',
                'account/reward'     => 'conta/pontos-de-fidelidade',
                'account/return/insert' => 'conta/devolucoes',
                'affiliate/login' => 'afiliado/login',
                'affiliate/register' => 'afiliado/registro',
                'affiliate/forgotten' => 'afiliado/recuperar-senha',
                'affiliate/payment' => 'afiliado/receber',
                'affiliate/tracking' => 'afiliado/gerar-link',
                'affiliate/transaction' => 'afiliado/minhas-indicacoes',
                'product/search' => 'pesquisar',
                'payment/iugu_bankslip/callback' => 'iugu-boleto-notificar',
                );

                public function getKeyFriendly($_route) {
                    if( count($this->urlFriendly) > 0 ){
                        $key = array_search($_route, $this->urlFriendly);
                        if($key && in_array($_route, $this->urlFriendly)){
                            return $key;
                        }
                    }
                    return false;
                }

                public function getValueFriendly($route) {
                    if( count($this->urlFriendly) > 0) {
                        if(in_array($route, array_keys($this->urlFriendly))){
                            return '/'.$this->urlFriendly[$route];
                        }
                    }
                    return false;
                }
            ]]></add>
        </operation>
        <operation>

            <search position="replace" offset="8"><![CDATA[if (isset($this->request->get['product_id'])) {]]></search>
            <add><![CDATA[
                if ($_key = $this->getKeyFriendly($this->request->get['_route_']) ) {
                    $this->request->get['route'] = $_key;
                }elseif (isset($this->request->get['product_id'])) {
                $this->request->get['route'] = 'product/product';
            } elseif (isset($this->request->get['path'])) {
                $this->request->get['route'] = 'product/category';
            } elseif (isset($this->request->get['manufacturer_id'])) {
                $this->request->get['route'] = 'product/manufacturer/info';
            } elseif (isset($this->request->get['information_id'])) {
                $this->request->get['route'] = 'information/information';
            }
            ]]></add>
        </operation>
        <operation>
            <search position="replace" offset="12"><![CDATA[} elseif ($key == 'path') {]]></search>
            <add><![CDATA[
                } elseif ($key == 'path') {
                    $categories = explode('_', $value);

                    foreach ($categories as $category) {
                        $query = $this->db->query("SELECT * FROM " . DB_PREFIX . "url_alias WHERE `query` = 'category_id=" . (int)$category . "'");

                        if ($query->num_rows) {
                            $url .= '/' . $query->row['keyword'];
                        }
                    }

                    unset($data[$key]);
                }
                if( $_link = $this->getValueFriendly($data['route']) ){
                    $url .= $_link;
                    unset($data[$key]);
                }
            ]]></add>
        </operation>
    </file>
</modification>
